university_name,geopolitical_region,state,specialty,ownership,type,academic_rigor,sports_facilities,hostel_quality,Social Life,tuition_fees_category,cost_of_living_category,source_urls__001,source_urls__002
"Abubakar Tafawa Balewa University, Bauchi",North East,Bauchi,Technology,Federal-Owned,4-year B.Sc.,3,3,2,3,"100,000 - 300,000 naira","50,000 - 70,000 naira",https://www.atbu.edu.ng/,https://students.jamb.gov.ng/efacility_/check_school_fees/select_sch.aspx?SCH=9
"Achievers University, Owo",South West,Ondo,Conventional,Privately-Owned,4-year B.Sc.,3,3,4,3,"701,000 - 2,000,000 naira","71,000 - 100,000 naira",https://achievers.edu.ng/,https://nigerianscholars.com/achievers-university-school-fees/
Adamawa State University Mubi,North East,Adamawa,Conventional,State-Owned,4-year B.Sc.,2,2,2,2,"100,000 - 300,000 naira","50,000 - 70,000 naira",https://adsu.edu.ng/,https://myschool.ng/news/adsu-school-fees-for-indigenes-and-non-indigenes
"Adekunle Ajasin University, Akungba",South West,Ondo,Conventional,State-Owned,4-year B.Sc.,3,3,2,4,"100,000 - 300,000 naira","50,000 - 70,000 naira",https://aaua.edu.ng/,https://nigerianscholars.com/aaua-school-fees/
"Adeleke University, Ede",South West,Osun,Conventional,Privately-Owned,4-year B.Sc.,3,3,4,3,"701,000 - 2,000,000 naira","71,000 - 100,000 naira",https://adelekeuniversity.edu.ng/,https://nigerianscholars.com/adeleke-university-school-fees/
"Adeyemi Federal University of Education, Ondo",South West,Ondo,Conventional,Federal-Owned,4-year B.Sc.,3,3,2,3,"100,000 - 300,000 naira","50,000 - 70,000 naira",https://aceondo.edu.ng/,https://students.jamb.gov.ng/efacility_/check_school_fees/select_sch.aspx?SCH=26
"Admiralty University Ibusa, Delta State",South South,Delta,Conventional,Federal-Owned,4-year B.Sc.,3,3,3,2,"701,000 - 2,000,000 naira","71,000 - 100,000 naira",https://adun.edu.ng/,https://adun.edu.ng/school-fees-schedule/
"Afe Babalola University, Ado-Ekiti - Ekiti State",South West,Ekiti,Conventional,Privately-Owned,4-year B.Sc.,4,4,5,4,"Greater than 2,000,000 naira","101,000 - 200,000 naira",https://abuad.edu.ng/,https://nigerianscholars.com/abuad-school-fees/
African Aviation and Aerospace University,North Central,FCT,Technology,Federal-Owned,4-year B.Sc.,3,2,3,2,"100,000 - 300,000 naira","50,000 - 70,000 naira",https://aaau.edu.ng/,https://students.jamb.gov.ng/efacility_/check_school_fees/select_sch.aspx?SCH=151
"African University of Economics, FCT, Abuja",North Central,FCT,Conventional,Privately-Owned,4-year B.Sc.,3,2,3,1,"701,000 - 2,000,000 naira","101,000 - 200,000 naira",https://aue.edu.ng/,https://aue.edu.ng/tuition/
"African University of Science and Technology, Abuja",North Central,FCT,Technology,Privately-Owned,4-year B.Sc.,4,2,4,2,"Greater than 2,000,000 naira","101,000 - 200,000 naira",https://aust.edu.ng/,https://aust.edu.ng/fees/
"Ahmadu Bello University, Zaria",North West,Kaduna,Conventional,Federal-Owned,4-year B.Sc.,4,3,2,4,"100,000 - 300,000 naira","50,000 - 70,000 naira",https://abu.edu.ng/,https://students.jamb.gov.ng/efacility_/check_school_fees/select_sch.aspx?SCH=1
"Ahman Pategi University, Kwara State",North Central,Kwara,Conventional,Privately-Owned,4-year B.Sc.,2,2,3,2,"701,000 - 2,000,000 naira","71,000 - 100,000 naira",https://apu.edu.ng/,https://apu.edu.ng/admission-fees-and-charges/
"Air Force Institute of Technology, Kaduna",North West,Kaduna,Technology,Federal-Owned,4-year B.Sc.,3,3,3,2,"100,000 - 300,000 naira","50,000 - 70,000 naira",https://afit.edu.ng/,https://students.jamb.gov.ng/efacility_/check_school_fees/select_sch.aspx?SCH=101
"Ajayi Crowther University, Ibadan",South West,Oyo,Conventional,Privately-Owned,4-year B.Sc.,3,3,4,3,"701,000 - 2,000,000 naira","71,000 - 100,000 naira",https://acu.edu.ng/,https://nigerianscholars.com/ajayi-crowther-university-school-fees/
"Akwa Ibom State University, Ikot Akpaden",South South,Akwa Ibom,Conventional,State-Owned,4-year B.Sc.,2,2,2,3,"100,000 - 300,000 naira","50,000 - 70,000 naira",https://www.aksu.edu.ng/,https://nigerianscholars.com/akwa-ibom-state-university-school-fees/
"Al-Ansar University, Maiduguri, Borno",North East,Borno,Conventional,Privately-Owned,4-year B.Sc.,2,2,3,1,"301,000 - 700,000 naira","50,000 - 70,000 naira",https://aum.edu.ng/,https://alansaruni.edu.ng/school-fees/
"Al-Bayan University, Ankpa, Kogi State",North Central,Kogi,Conventional,Privately-Owned,4-year B.Sc.,2,2,3,1,"301,000 - 700,000 naira","50,000 - 70,000 naira",https://al-bayanuniversity.edu.ng/,https://al-bayanuniversity.edu.ng/fees/
"Al-Hikmah University, Ilorin",North Central,Kwara,Conventional,Privately-Owned,4-year B.Sc.,3,3,4,2,"701,000 - 2,000,000 naira","71,000 - 100,000 naira",https://alhikmah.edu.ng/,https://nigerianscholars.com/al-hikmah-university-school-fees/
"Al-Istiqama University, Sumaila, Kano State",North West,Kano,Conventional,Privately-Owned,4-year B.Sc.,2,2,3,1,"301,000 - 700,000 naira","50,000 - 70,000 naira",https://aisu.edu.ng/,https://aisu.edu.ng/tuition-fees/
"Al-Muhibbah Open University, Abuja",North Central,FCT,Distance Learning,Privately-Owned,4-year B.Sc.,2,1,2,1,"301,000 - 700,000 naira","101,000 - 200,000 naira",https://muhibbahopenuniversity.edu.ng/,https://muhibbahopenuniversity.edu.ng/tuition-fees/
"Al-Qalam University, Katsina",North West,Katsina,Conventional,Privately-Owned,4-year B.Sc.,2,2,3,2,"301,000 - 700,000 naira","50,000 - 70,000 naira",https://aqu.edu.ng/,https://nigerianscholars.com/al-qalam-university-school-fees/
"Aletheia University, Ago-Iwoye Ogun State",South West,Ogun,Conventional,Privately-Owned,4-year B.Sc.,2,2,3,1,"701,000 - 2,000,000 naira","71,000 - 100,000 naira",https://aletheiauniversity.edu.ng/,https://nigeriascholars.com/aletheia-university-school-fees/
"Alex Ekwueme University, Ndufu-Alike, Ebonyi State",South East,Ebonyi,Conventional,Federal-Owned,4-year B.Sc.,3,3,2,3,"100,000 - 300,000 naira","50,000 - 70,000 naira",https://funai.edu.ng/,https://students.jamb.gov.ng/efacility_/check_school_fees/select_sch.aspx?SCH=97
"Alvan Ikoku Federal University of Education, Owerri, Imo State",South East,Imo,Conventional,Federal-Owned,4-year B.Sc.,3,3,2,3,"100,000 - 300,000 naira","50,000 - 70,000 naira",https://alvanikoku.edu.ng/,https://students.jamb.gov.ng/efacility_/check_school_fees/select_sch.aspx?SCH=90
"Amadeus University, Amizi, Abia State",South East,Abia,Conventional,Privately-Owned,4-year B.Sc.,2,2,3,1,"701,000 - 2,000,000 naira","71,000 - 100,000 naira",https://amadeusuniversity.edu.ng/,https://amadeusuniversity.edu.ng/fee-schedule/
"Amaj University, Kwali, Abuja",North Central,FCT,Conventional,Privately-Owned,4-year B.Sc.,2,2,3,1,"301,000 - 700,000 naira","101,000 - 200,000 naira",https://amajuniversity.edu.ng/,https://amajuniversity.edu.ng/tuition-fees-schedule/
"Ambrose Alli University, Ekpoma",South South,Edo,Conventional,State-Owned,4-year B.Sc.,3,3,2,4,"100,000 - 300,000 naira","50,000 - 70,000 naira",https://aauekpoma.edu.ng/,https://myschool.ng/news/ambrose-alli-university-aau-school-fees-for-new-and-returning-students
"American University of Nigeria, Yola",North East,Adamawa,Conventional,Privately-Owned,4-year B.Sc.,4,4,5,4,"Greater than 2,000,000 naira","101,000 - 200,000 naira",https://www.aun.edu.ng/,https://www.aun.edu.ng/admissions/fees-and-charges
"Anan University, Kwall, Plateau State",North Central,Plateau,Conventional,Privately-Owned,4-year B.Sc.,2,2,3,1,"701,000 - 2,000,000 naira","71,000 - 100,000 naira",https://ananuniversity.edu.ng/,https://ananuniversity.edu.ng/fees-structure/
Anchor University Ayobo Lagos State,South West,Lagos,Conventional,Privately-Owned,4-year B.Sc.,3,2,3,3,"701,000 - 2,000,000 naira","71,000 - 100,000 naira",https://aul.edu.ng/,https://nigerianscholars.com/anchor-university-school-fees/
Arthur Javis University Akpoyubo Cross river State,South South,Cross River,Conventional,Privately-Owned,4-year B.Sc.,2,2,3,1,"701,000 - 2,000,000 naira","71,000 - 100,000 naira",https://arthurjarvisuniversity.edu.ng/,https://arthurjarvisuniversity.edu.ng/fees/
Atiba University Oyo,South West,Oyo,Conventional,Privately-Owned,4-year B.Sc.,2,2,3,2,"701,000 - 2,000,000 naira","71,000 - 100,000 naira",https://atibauniversity.edu.ng/,https://atibauniversity.edu.ng/fees/
Augustine University,South West,Lagos,Conventional,Privately-Owned,4-year B.Sc.,3,3,4,3,"701,000 - 2,000,000 naira","71,000 - 100,000 naira",https://augustineuniversity.edu.ng/,https://nigeriascholars.com/augustine-university-school-fees/
"Ave Maria University, Piyanko, Nasarawa State",North Central,Nasarawa,Conventional,Privately-Owned,4-year B.Sc.,2,2,3,1,"701,000 - 2,000,000 naira","71,000 - 100,000 naira",https://avemariauniversity.edu.ng/,https://avemariauniversity.edu.ng/fees-schedule/
"Azman University, Kano State",North West,Kano,Conventional,Privately-Owned,4-year B.Sc.,2,2,3,1,"701,000 - 2,000,000 naira","50,000 - 70,000 naira",https://azmanuniversity.edu.ng/,https://azmanuniversity.edu.ng/fees/
"Baba Ahmed University, Kano State",North West,Kano,Conventional,Privately-Owned,4-year B.Sc.,2,2,3,1,"701,000 - 2,000,000 naira","50,000 - 70,000 naira",https://bau.edu.ng/,https://bau.edu.ng/fees/
"Babcock University,Ilishan-Remo",South West,Ogun,Conventional,Privately-Owned,4-year B.Sc.,4,4,5,4,"Greater than 2,000,000 naira","101,000 - 200,000 naira",https://www.babcock.edu.ng/,https://nigerianscholars.com/babcock-university-school-fees/
"Bamidele Olumilua University of Science and Technology Ikere, Ekiti State",South West,Ekiti,Technology,State-Owned,4-year B.Sc.,2,2,2,1,"100,000 - 300,000 naira","50,000 - 70,000 naira",https://bouesti.edu.ng/,https://myschool.ng/news/bouesti-school-fees-for-indigenes-and-non-indigenes-2024-2025
"Bauchi State University, Gadau",North East,Bauchi,Conventional,State-Owned,4-year B.Sc.,2,2,2,3,"100,000 - 300,000 naira","50,000 - 70,000 naira",https://basug.edu.ng/,https://students.jamb.gov.ng/efacility_/check_school_fees/select_sch.aspx?SCH=34
Bayelsa Medical University,South South,Bayelsa,Medical and Health Sciences,State-Owned,4-year B.Sc.,3,2,3,2,"301,000 - 700,000 naira","71,000 - 100,000 naira",https://bmu.edu.ng/,https://bmu.edu.ng/school-fees/
"Bayero University, Kano",North West,Kano,Conventional,Federal-Owned,4-year B.Sc.,4,3,2,4,"100,000 - 300,000 naira","50,000 - 70,000 naira",https://www.buk.edu.ng/,https://students.jamb.gov.ng/efacility_/check_school_fees/select_sch.aspx?SCH=2
Baze University,North Central,FCT,Conventional,Privately-Owned,4-year B.Sc.,3,3,4,3,"Greater than 2,000,000 naira","101,000 - 200,000 naira",https://bazeuniversity.edu.ng/,https://nigerianscholars.com/baze-university-school-fees/
"Bells University of Technology, Otta",South West,Ogun,Technology,Privately-Owned,4-year B.Sc.,3,3,4,3,"701,000 - 2,000,000 naira","71,000 - 100,000 naira",https://bellsuniversity.edu.ng/,https://nigerianscholars.com/bells-university-school-fees/
"Benson Idahosa University, Benin City",South South,Edo,Conventional,Privately-Owned,4-year B.Sc.,3,3,4,3,"701,000 - 2,000,000 naira","71,000 - 100,000 naira",https://biu.edu.ng/,https://nigerianscholars.com/benson-idahosa-university-school-fees/
"Benue State University, Makurdi",North Central,Benue,Conventional,State-Owned,4-year B.Sc.,3,3,2,3,"100,000 - 300,000 naira","50,000 - 70,000 naira",https://bsum.edu.ng/,https://www.myschoolgist.com/ng/bsu-school-fees-benue-state-university/
"Bingham University, New Karu",North Central,Nasarawa,Conventional,Privately-Owned,4-year B.Sc.,3,3,4,3,"701,000 - 2,000,000 naira","71,000 - 100,000 naira",https://binghamuni.edu.ng/,https://nigerianscholars.com/bingham-university-school-fees/
"Bornu State University, Maiduguri",North East,Borno,Conventional,State-Owned,4-year B.Sc.,2,2,2,1,"100,000 - 300,000 naira","50,000 - 70,000 naira",https://www.bosu.edu.ng/,https://www.myschoolgist.com/ng/bornu-state-university-bosu-school-fees/
"Bowen University, Iwo",South West,Osun,Conventional,Privately-Owned,4-year B.Sc.,3,3,4,3,"701,000 - 2,000,000 naira","71,000 - 100,000 naira",https://bowen.edu.ng/,https://nigerianscholars.com/bowen-university-school-fees/
"British Canadian University, Obufu Cross River State",South South,Cross River,Conventional,Privately-Owned,4-year B.Sc.,2,2,3,1,"701,000 - 2,000,000 naira","71,000 - 100,000 naira",https://bcu.edu.ng/,https://bcu.edu.ng/fees/
"Caleb University, Lagos",South West,Lagos,Conventional,Privately-Owned,4-year B.Sc.,3,3,4,3,"701,000 - 2,000,000 naira","71,000 - 100,000 naira",https://calebuniversity.edu.ng/,https://nigerianscholars.com/caleb-university-school-fees/
"Canadian University of Nigeria, Abuja",North Central,FCT,Conventional,Privately-Owned,4-year B.Sc.,2,2,3,1,"701,000 - 2,000,000 naira","101,000 - 200,000 naira",https://www.canadianuniversity.edu.ng/,https://www.canadianuniversity.edu.ng/fees/
"Capital City University, Kano State",North West,Kano,Conventional,Privately-Owned,4-year B.Sc.,2,2,3,1,"301,000 - 700,000 naira","50,000 - 70,000 naira",https://ccuk.edu.ng/,https://ccuk.edu.ng/fees-schedule/
"Caritas University, Enugu",South East,Enugu,Conventional,Privately-Owned,4-year B.Sc.,2,2,3,2,"701,000 - 2,000,000 naira","71,000 - 100,000 naira",https://caritasuni.edu.ng/,https://nigerianscholars.com/caritas-university-school-fees/
Chrisland University,South West,Ogun,Conventional,Privately-Owned,4-year B.Sc.,3,3,4,3,"701,000 - 2,000,000 naira","71,000 - 100,000 naira",https://chrislanduniversity.edu.ng/,https://nigerianscholars.com/chrisland-university-school-fees/
Christopher University Mowe,South West,Ogun,Conventional,Privately-Owned,4-year B.Sc.,2,2,3,1,"701,000 - 2,000,000 naira","71,000 - 100,000 naira",https://christopheruniversity.edu.ng/,https://christopheruniversity.edu.ng/school-fees-schedule/
"Chukwuemeka Odumegwu Ojukwu University, Uli",South East,Anambra,Conventional,State-Owned,4-year B.Sc.,3,3,2,3,"100,000 - 300,000 naira","50,000 - 70,000 naira",https://coou.edu.ng/,https://myschool.ng/news/coou-school-fees-for-indigenes-and-non-indigenes
"Claretian University of Nigeria, Nekede, Imo State",South East,Imo,Conventional,Privately-Owned,4-year B.Sc.,2,2,3,1,"701,000 - 2,000,000 naira","71,000 - 100,000 naira",https://claretianuniversity.edu.ng/,https://claretianuniversity.edu.ng/fees/
Clifford University Owerrinta Abia State,South East,Abia,Conventional,Privately-Owned,4-year B.Sc.,2,2,3,1,"701,000 - 2,000,000 naira","71,000 - 100,000 naira",https://clifforduni.edu.ng/,https://clifforduni.edu.ng/tuition/
Coal City University Enugu State,South East,Enugu,Conventional,Privately-Owned,4-year B.Sc.,2,2,3,1,"701,000 - 2,000,000 naira","71,000 - 100,000 naira",https://ccu.edu.ng/,https://ccu.edu.ng/fees/
"College of Petroleum and Energy Studies, Kaduna State",North West,Kaduna,Technology,Privately-Owned,4-year B.Sc.,2,2,2,1,"301,000 - 700,000 naira","50,000 - 70,000 naira",https://cpes.edu.ng/,https://cpes.edu.ng/fees/
"Confluence University of Science and Technology Osara, Kogi",North Central,Kogi,Technology,State-Owned,4-year B.Sc.,2,2,2,2,"100,000 - 300,000 naira","50,000 - 70,000 naira",https://custech.edu.ng/,https://custech.edu.ng/school-fees/
Cosmopolitan University Abuja,North Central,FCT,Conventional,Privately-Owned,4-year B.Sc.,2,2,3,1,"701,000 - 2,000,000 naira","101,000 - 200,000 naira",https://cosmopolitanuniversity.edu.ng/,https://cosmopolitanuniversity.edu.ng/fees/
Covenant University Ota,South West,Ogun,Conventional,Privately-Owned,4-year B.Sc.,4,4,5,4,"Greater than 2,000,000 naira","101,000 - 200,000 naira",https://covenantuniversity.edu.ng/,https://nigerianscholars.com/covenant-university-school-fees/
Crawford University Igbesa,South West,Ogun,Conventional,Privately-Owned,4-year B.Sc.,3,3,4,3,"701,000 - 2,000,000 naira","71,000 - 100,000 naira",https://crawforduniversity.edu.ng/,https://nigerianscholars.com/crawford-university-school-fees/
Crescent University,South West,Ogun,Conventional,Privately-Owned,4-year B.Sc.,3,3,4,2,"701,000 - 2,000,000 naira","71,000 - 100,000 naira",https://crescent.edu.ng/,https://nigerianscholars.com/crescent-university-school-fees/
"Cross River State University of Technology, Calabar",South South,Cross River,Technology,State-Owned,4-year B.Sc.,3,3,2,3,"100,000 - 300,000 naira","50,000 - 70,000 naira",https://www.crutech.edu.ng/,https://myschool.ng/news/crutech-school-fees-for-new-and-returning-students
"David Nweze Umahi Federal University of Medical Sciences, Uburu",South East,Ebonyi,Medical and Health Sciences,Federal-Owned,4-year B.Sc.,3,2,3,2,"100,000 - 300,000 naira","50,000 - 70,000 naira",https://dnufums.edu.ng/,https://students.jamb.gov.ng/efacility_/check_school_fees/select_sch.aspx?SCH=144
Delta State University Abraka,South South,Delta,Conventional,State-Owned,4-year B.Sc.,3,3,2,4,"100,000 - 300,000 naira","50,000 - 70,000 naira",https://delsu.edu.ng/,https://www.myschoolgist.com/ng/delsu-school-fees-delta-state-university/
"Delta University of Science and Technology, Ozoro",South South,Delta,Technology,State-Owned,4-year B.Sc.,2,2,2,1,"100,000 - 300,000 naira","50,000 - 70,000 naira",https://dust.edu.ng/,https://dust.edu.ng/school-fees/
"Dennis Osadebe University, Asaba",South South,Delta,Conventional,State-Owned,4-year B.Sc.,2,2,2,1,"100,000 - 300,000 naira","50,000 - 70,000 naira",https://dou.edu.ng/,https://dou.edu.ng/school-fees-structure-for-2023-2024-academic-session/
Dominican University Ibadan Oyo State,South West,Oyo,Conventional,Privately-Owned,4-year B.Sc.,2,2,3,2,"701,000 - 2,000,000 naira","71,000 - 100,000 naira",https://dui.edu.ng/,https://nigerianscholars.com/dominican-university-school-fees/
"Dominion University Ibadan, Oyo State",South West,Oyo,Conventional,Privately-Owned,4-year B.Sc.,2,2,3,1,"701,000 - 2,000,000 naira","71,000 - 100,000 naira",https://dominionuniversity.edu.ng/,https://dominionuniversity.edu.ng/school-fees/
"Ebonyi State University, Abakaliki",South East,Ebonyi,Conventional,State-Owned,4-year B.Sc.,3,2,2,3,"100,000 - 300,000 naira","50,000 - 70,000 naira",https://ebsu.edu.ng/,https://www.myschoolgist.com/ng/ebsu-school-fees-ebonyi-state-university/
Edo State University Uzairue,South South,Edo,Conventional,State-Owned,4-year B.Sc.,3,3,3,3,"301,000 - 700,000 naira","50,000 - 70,000 naira",https://www.edouniversity.edu.ng/,https://edouniversity.edu.ng/school-fees/
"Edusoko University, Bida, Niger State",North Central,Niger,Conventional,Privately-Owned,4-year B.Sc.,2,2,3,1,"301,000 - 700,000 naira","50,000 - 70,000 naira",https://edusoko.edu.ng/,https://edusoko.edu.ng/fees/
"Edwin Clark University, Kaigbodo",South South,Delta,Conventional,Privately-Owned,4-year B.Sc.,2,2,3,2,"701,000 - 2,000,000 naira","71,000 - 100,000 naira",https://www.edwinclarkuniversity.edu.ng/,https://nigerianscholars.com/edwin-clark-university-school-fees/
Ekiti State University,South West,Ekiti,Conventional,State-Owned,4-year B.Sc.,3,3,2,3,"100,000 - 300,000 naira","50,000 - 70,000 naira",https://eksu.edu.ng/,https://www.myschoolgist.com/ng/eksu-school-fees-ekiti-state-university/
"Eko University of Medical and Health Sciences Ijanikin, Lagos",South West,Lagos,Medical and Health Sciences,Privately-Owned,4-year B.Sc.,3,2,3,2,"701,000 - 2,000,000 naira","71,000 - 100,000 naira",https://www.ekounimed.edu.ng/,https://nigerianscholars.com/eko-university-of-medical-and-health-sciences-school-fees/
"El-Amin University, Minna, Niger State",North Central,Niger,Conventional,Privately-Owned,4-year B.Sc.,2,2,3,1,"701,000 - 2,000,000 naira","50,000 - 70,000 naira",https://elaminuniversity.edu.ng/,https://elaminuniversity.edu.ng/fees/
"Elizade University, Ilara-Mokin",South West,Ondo,Conventional,Privately-Owned,4-year B.Sc.,3,3,4,3,"701,000 - 2,000,000 naira","71,000 - 100,000 naira",https://elizadeuniversity.edu.ng/,https://nigerianscholars.com/elizade-university-school-fees/
"Elrazi Medical University Yargaya University, Kano State",North West,Kano,Medical and Health Sciences,Privately-Owned,4-year B.Sc.,2,2,3,1,"701,000 - 2,000,000 naira","50,000 - 70,000 naira",https://elraziuniversity.edu.ng/,https://elraziuniversity.edu.ng/fees/
Emanuel Alayande University of Education Oyo,South West,Oyo,Conventional,State-Owned,4-year B.Sc.,2,2,2,1,"100,000 - 300,000 naira","50,000 - 70,000 naira",https://eaued.edu.ng/,https://eaued.edu.ng/fees/
"Enugu State University of Science and Technology, Enugu",South East,Enugu,Technology,State-Owned,4-year B.Sc.,3,3,2,3,"100,000 - 300,000 naira","50,000 - 70,000 naira",https://www.esut.edu.ng/,https://www.myschoolgist.com/ng/esut-school-fees-enugu-state-university/
"European University of Nigeria, Duboyi, FCT",North Central,FCT,Conventional,Privately-Owned,4-year B.Sc.,2,2,3,1,"701,000 - 2,000,000 naira","101,000 - 200,000 naira",https://eun.edu.ng/,https://eun.edu.ng/school-fees/
"Evangel University, Akaeze",South East,Ebonyi,Conventional,Privately-Owned,4-year B.Sc.,2,2,3,2,"301,000 - 700,000 naira","50,000 - 70,000 naira",https://evangeluniversity.edu.ng/,https://evangeluniversity.edu.ng/school-fees/
"Federal University Gashua, Yobe",North East,Yobe,Conventional,Federal-Owned,4-year B.Sc.,2,2,2,2,"100,000 - 300,000 naira","50,000 - 70,000 naira",https://fugashua.edu.ng/,https://students.jamb.gov.ng/efacility_/check_school_fees/select_sch.aspx?SCH=103
"Federal University of Agriculture Bassam-Biri, Bayelsa",South South,Bayelsa,Agriculture,Federal-Owned,4-year B.Sc.,2,2,2,1,"100,000 - 300,000 naira","50,000 - 70,000 naira",https://fuab.edu.ng/,https://students.jamb.gov.ng/efacility_/check_school_fees/select_sch.aspx?SCH=149
"Federal University of Agriculture, Abeokuta",South West,Ogun,Agriculture,Federal-Owned,4-year B.Sc.,3,3,2,3,"100,000 - 300,000 naira","71,000 - 100,000 naira",https://www.funaab.edu.ng/,https://students.jamb.gov.ng/efacility_/check_school_fees/select_sch.aspx?SCH=3
"Federal University of Agriculture, Mubi",North East,Adamawa,Agriculture,Federal-Owned,4-year B.Sc.,3,3,2,1,"100,000 - 300,000 naira","50,000 - 70,000 naira",https://fuam.edu.ng/,https://students.jamb.gov.ng/efacility_/check_school_fees/select_sch.aspx?SCH=8
"Federal University of Agriculture, Zuru, Kebbi State",North West,Kebbi,Agriculture,Federal-Owned,4-year B.Sc.,2,2,2,1,"100,000 - 300,000 naira","50,000 - 70,000 naira",https://fua-zuru.edu.ng/,https://students.jamb.gov.ng/efacility_/check_school_fees/select_sch.aspx?SCH=141
"Federal University of Education, Kano",North West,Kano,Conventional,Federal-Owned,4-year B.Sc.,2,2,2,3,"100,000 - 300,000 naira","50,000 - 70,000 naira",https://fuekano.edu.ng/,https://students.jamb.gov.ng/efacility_/check_school_fees/select_sch.aspx?SCH=152
"Federal University of Education, Zaria, Kaduna State",North West,Kaduna,Conventional,Federal-Owned,4-year B.Sc.,2,2,2,3,"100,000 - 300,000 naira","50,000 - 70,000 naira",https://fuezaria.edu.ng/,https://students.jamb.gov.ng/efacility_/check_school_fees/select_sch.aspx?SCH=153
"Federal University of Health Sciences Kwale, Delta State",South South,Delta,Medical and Health Sciences,Federal-Owned,4-year B.Sc.,2,2,2,1,"100,000 - 300,000 naira","50,000 - 70,000 naira",https://fuhskwale.edu.ng/,https://students.jamb.gov.ng/efacility_/check_school_fees/select_sch.aspx?SCH=148
"Federal University of Health Sciences, Azare, Bauchi State",North East,Bauchi,Medical and Health Sciences,Federal-Owned,4-year B.Sc.,2,2,2,1,"100,000 - 300,000 naira","50,000 - 70,000 naira",https://fuhsazare.edu.ng/,https://students.jamb.gov.ng/efacility_/check_school_fees/select_sch.aspx?SCH=147
"Federal University of Health Sciences, Ila Orangun, Osun State",South West,Osun,Medical and Health Sciences,Federal-Owned,4-year B.Sc.,2,2,2,1,"100,000 - 300,000 naira","50,000 - 70,000 naira",https://fuhsilorangun.edu.ng/,https://students.jamb.gov.ng/efacility_/check_school_fees/select_sch.aspx?SCH=146
"Federal University of Health Sciences, Katsina",North West,Katsina,Medical and Health Sciences,Federal-Owned,4-year B.Sc.,2,2,2,1,"100,000 - 300,000 naira","50,000 - 70,000 naira",https://fuhskatsina.edu.ng/,https://students.jamb.gov.ng/efacility_/check_school_fees/select_sch.aspx?SCH=145
"Federal University of Health Sciences, Otukpo, Benue State",North Central,Benue,Medical and Health Sciences,Federal-Owned,4-year B.Sc.,2,2,2,2,"100,000 - 300,000 naira","50,000 - 70,000 naira",https://fuhsotukpo.edu.ng/,https://students.jamb.gov.ng/efacility_/check_school_fees/select_sch.aspx?SCH=150
"Federal University of Petroleum Resources, Effurun",South South,Delta,Technology,Federal-Owned,4-year B.Sc.,3,3,2,3,"100,000 - 300,000 naira","50,000 - 70,000 naira",https://fupre.edu.ng/,https://students.jamb.gov.ng/efacility_/check_school_fees/select_sch.aspx?SCH=44
"Federal University of Technology, Akure",South West,Ondo,Technology,Federal-Owned,4-year B.Sc.,4,3,2,4,"100,000 - 300,000 naira","71,000 - 100,000 naira",https://www.futa.edu.ng/,https://students.jamb.gov.ng/efacility_/check_school_fees/select_sch.aspx?SCH=7
"Federal University of Technology, Babura, Jigawa State",North West,Jigawa,Technology,Federal-Owned,4-year B.Sc.,2,2,2,1,"100,000 - 300,000 naira","50,000 - 70,000 naira",https://www.futbabura.edu.ng/,https://students.jamb.gov.ng/efacility_/check_school_fees/select_sch.aspx?SCH=139
"Federal University of Technology, Ikot Abasi, Akwa Ibom State",South South,Akwa Ibom,Technology,Federal-Owned,4-year B.Sc.,2,2,2,1,"100,000 - 300,000 naira","50,000 - 70,000 naira",https://futoikotabasi.edu.ng/,https://students.jamb.gov.ng/efacility_/check_school_fees/select_sch.aspx?SCH=140
"Federal University of Technology, Minna",North Central,Niger,Technology,Federal-Owned,4-year B.Sc.,3,3,2,4,"100,000 - 300,000 naira","50,000 - 70,000 naira",https://futminna.edu.ng/,https://students.jamb.gov.ng/efacility_/check_school_fees/select_sch.aspx?SCH=12
"Federal University of Technology, Owerri",South East,Imo,Technology,Federal-Owned,4-year B.Sc.,3,3,2,4,"100,000 - 300,000 naira","50,000 - 70,000 naira",https://futo.edu.ng/,https://students.jamb.gov.ng/efacility_/check_school_fees/select_sch.aspx?SCH=9
"Federal University of Transportation Daura, Katsina",North West,Katsina,Technology,Federal-Owned,4-year B.Sc.,2,2,2,2,"100,000 - 300,000 naira","50,000 - 70,000 naira",https://futdaura.edu.ng/,https://students.jamb.gov.ng/efacility_/check_school_fees/select_sch.aspx?SCH=142
"Federal University, Birnin Kebbi",North West,Kebbi,Conventional,Federal-Owned,4-year B.Sc.,2,2,2,2,"100,000 - 300,000 naira","50,000 - 70,000 naira",https://fubk.edu.ng/,https://students.jamb.gov.ng/efacility_/check_school_fees/select_sch.aspx?SCH=105
"Federal University, Dutse, Jigawa State",North West,Jigawa,Conventional,Federal-Owned,4-year B.Sc.,2,2,2,2,"100,000 - 300,000 naira","50,000 - 70,000 naira",https://fud.edu.ng/,https://students.jamb.gov.ng/efacility_/check_school_fees/select_sch.aspx?SCH=108
"Federal University, Dutsin-Ma, Katsina",North West,Katsina,Conventional,Federal-Owned,4-year B.Sc.,2,2,2,2,"100,000 - 300,000 naira","50,000 - 70,000 naira",https://fudutsinma.edu.ng/,https://students.jamb.gov.ng/efacility_/check_school_fees/select_sch.aspx?SCH=109
"Federal University, Gusau Zamfara",North West,Zamfara,Conventional,Federal-Owned,4-year B.Sc.,2,2,2,2,"100,000 - 300,000 naira","50,000 - 70,000 naira",https://fugusau.edu.ng/,https://students.jamb.gov.ng/efacility_/check_school_fees/select_sch.aspx?SCH=111
"Federal University, Kashere, Gombe State",North East,Gombe,Conventional,Federal-Owned,4-year B.Sc.,2,2,2,2,"100,000 - 300,000 naira","50,000 - 70,000 naira",https://fukashere.edu.ng/,https://students.jamb.gov.ng/efacility_/check_school_fees/select_sch.aspx?SCH=112
"Federal University, Lafia, Nasarawa State",North Central,Nasarawa,Conventional,Federal-Owned,4-year B.Sc.,2,2,2,2,"100,000 - 300,000 naira","50,000 - 70,000 naira",https://fulafia.edu.ng/,https://students.jamb.gov.ng/efacility_/check_school_fees/select_sch.aspx?SCH=113
"Federal University, Lokoja, Kogi State",North Central,Kogi,Conventional,Federal-Owned,4-year B.Sc.,2,2,2,2,"100,000 - 300,000 naira","50,000 - 70,000 naira",https://fulokoja.edu.ng/,https://students.jamb.gov.ng/efacility_/check_school_fees/select_sch.aspx?SCH=114
"Federal University, Otuoke, Bayelsa",South South,Bayelsa,Conventional,Federal-Owned,4-year B.Sc.,2,2,2,2,"100,000 - 300,000 naira","50,000 - 70,000 naira",https://fuotuoke.edu.ng/,https://students.jamb.gov.ng/efacility_/check_school_fees/select_sch.aspx?SCH=117
"Federal University, Oye-Ekiti, Ekiti State",South West,Ekiti,Conventional,Federal-Owned,4-year B.Sc.,2,2,2,3,"100,000 - 300,000 naira","50,000 - 70,000 naira",https://fuoye.edu.ng/,https://students.jamb.gov.ng/efacility_/check_school_fees/select_sch.aspx?SCH=120
"Federal University, Wukari, Taraba State",North East,Taraba,Conventional,Federal-Owned,4-year B.Sc.,2,2,2,2,"100,000 - 300,000 naira","50,000 - 70,000 naira",https://fuwukari.edu.ng/,https://students.jamb.gov.ng/efacility_/check_school_fees/select_sch.aspx?SCH=121
First Technical University Ibadan,South West,Oyo,Technology,State-Owned,4-year B.Sc.,3,3,3,3,"301,000 - 700,000 naira","71,000 - 100,000 naira",https://tech-u.edu.ng/,https://tech-u.edu.ng/school-fees/
"Fountain Unveristy, Oshogbo",South West,Osun,Conventional,Privately-Owned,4-year B.Sc.,3,3,4,2,"701,000 - 2,000,000 naira","71,000 - 100,000 naira",https://fountainuniversity.edu.ng/,https://nigerianscholars.com/fountain-university-school-fees/
"Franco British International University, Kaduna State",North West,Kaduna,Conventional,Privately-Owned,4-year B.Sc.,2,2,3,1,"701,000 - 2,000,000 naira","71,000 - 100,000 naira",https://fbiu.edu.ng/,https://fbiu.edu.ng/fees/
"Gerar University of Medical Science Imope Ijebu, Ogun State.",South West,Ogun,Medical and Health Sciences,Privately-Owned,4-year B.Sc.,2,2,3,1,"701,000 - 2,000,000 naira","71,000 - 100,000 naira",https://geraruniversity.edu.ng/,https://geraruniversity.edu.ng/tuition-fees/
"Glorious Vision University, Ogwa, Edo State.",South South,Edo,Conventional,Privately-Owned,4-year B.Sc.,2,2,3,1,"701,000 - 2,000,000 naira","71,000 - 100,000 naira",https://gvu.edu.ng/,https://gvu.edu.ng/tuition-fees/
"Godfrey Okoye University, Ugwuomu-Nike - Enugu State",South East,Enugu,Conventional,Privately-Owned,4-year B.Sc.,3,3,4,3,"701,000 - 2,000,000 naira","71,000 - 100,000 naira",https://gouni.edu.ng/,https://nigerianscholars.com/godfrey-okoye-university-school-fees/
"Gombe State Univeristy, Gombe",North East,Gombe,Conventional,State-Owned,4-year B.Sc.,2,2,2,3,"100,000 - 300,000 naira","50,000 - 70,000 naira",https://gsu.edu.ng/,https://www.myschoolgist.com/ng/gsu-school-fees-gombe-state-university/
Gombe State University of Science and Technology,North East,Gombe,Technology,State-Owned,4-year B.Sc.,2,2,2,1,"100,000 - 300,000 naira","50,000 - 70,000 naira",https://gsust.edu.ng/,https://gsust.edu.ng/school-fees/
"Greenfield University, Kaduna",North West,Kaduna,Conventional,Privately-Owned,4-year B.Sc.,2,2,3,2,"301,000 - 700,000 naira","50,000 - 70,000 naira",https://greenfielduniversity.edu.ng/,https://greenfielduniversity.edu.ng/tuition-fees/
"Gregory University, Uturu",South East,Abia,Conventional,Privately-Owned,4-year B.Sc.,3,3,4,3,"701,000 - 2,000,000 naira","71,000 - 100,000 naira",https://gregoryuniversity.edu.ng/,https://nigerianscholars.com/gregory-university-school-fees/
"Hallmark University, Ijebi Itele, Ogun",South West,Ogun,Conventional,Privately-Owned,4-year B.Sc.,3,3,4,1,"701,000 - 2,000,000 naira","71,000 - 100,000 naira",https://hallmarkuniversity.edu.ng/,https://nigerianscholars.com/hallmark-university-school-fees/
"Havilla University, Nde-Ikom, Cross River State",South South,Cross River,Conventional,Privately-Owned,4-year B.Sc.,2,2,3,1,"701,000 - 2,000,000 naira","71,000 - 100,000 naira",https://havillauniversity.edu.ng/,https://havillauniversity.edu.ng/fees-schedule/
"Hensard University, Toru-Orua, Sagbama, Bayelsa State",South South,Bayelsa,Conventional,Privately-Owned,4-year B.Sc.,2,2,3,1,"701,000 - 2,000,000 naira","71,000 - 100,000 naira",https://hensarduniversity.edu.ng/,https://hensarduniversity.edu.ng/fees/
"Hezekiah University, Umudi",South East,Imo,Conventional,Privately-Owned,4-year B.Sc.,2,2,3,2,"701,000 - 2,000,000 naira","71,000 - 100,000 naira",https://hezekiah.edu.ng/,https://hezekiah.edu.ng/fees-schedule/
"Hillside University of Science and Technology, Okemisi, Ekiti State",South West,Ekiti,Technology,Privately-Owned,4-year B.Sc.,2,2,3,1,"701,000 - 2,000,000 naira","71,000 - 100,000 naira",https://hillsideuniversity.edu.ng/,https://hillsideuniversity.edu.ng/school-fees-2/
"Huda University, Gusau, Zamafara State",North West,Zamfara,Conventional,Privately-Owned,4-year B.Sc.,2,2,3,1,"301,000 - 700,000 naira","50,000 - 70,000 naira",https://hudauniversity.edu.ng/,https://hudauniversity.edu.ng/fees/
"Ibrahim Badamasi Babangida University, Lapai",North Central,Niger,Conventional,State-Owned,4-year B.Sc.,2,2,2,3,"100,000 - 300,000 naira","50,000 - 70,000 naira",https://ibbu.edu.ng/,https://www.myschoolgist.com/ng/ibbu-school-fees-ibrahim-badamasi-babangida-university/
"Iconic Open University, Sokoto State.",North West,Sokoto,Distance Learning,Privately-Owned,4-year B.Sc.,2,1,2,1,"301,000 - 700,000 naira","50,000 - 70,000 naira",https://iconicopenuniversity.edu.ng/,https://iconicopenuniversity.edu.ng/tuition-fees/
Igbinedion University Okada,South South,Edo,Conventional,Privately-Owned,4-year B.Sc.,3,3,4,4,"701,000 - 2,000,000 naira","71,000 - 100,000 naira",https://www.iuokada.edu.ng/,https://nigerianscholars.com/igbinedion-university-school-fees/
"Ignatius Ajuru University of Education,Rumuolumeni",South South,Rivers,Conventional,State-Owned,4-year B.Sc.,3,2,2,3,"100,000 - 300,000 naira","71,000 - 100,000 naira",https://iaue.edu.ng/,https://myschool.ng/news/iaue-school-fees-for-new-and-returning-students
"Imo State University, Owerri",South East,Imo,Conventional,State-Owned,4-year B.Sc.,3,3,2,4,"100,000 - 300,000 naira","50,000 - 70,000 naira",https://imsu.edu.ng/,https://www.myschoolgist.com/ng/imsu-school-fees-imo-state-university/
"James Hope University, Lagos, Lagos State",South West,Lagos,Conventional,Privately-Owned,4-year B.Sc.,2,2,3,1,"Greater than 2,000,000 naira","101,000 - 200,000 naira",https://jhu.edu.ng/,https://jhu.edu.ng/fees/
"Jewel University, Gombe state",North East,Gombe,Conventional,Privately-Owned,4-year B.Sc.,2,2,3,1,"301,000 - 700,000 naira","50,000 - 70,000 naira",https://jeweluniversity.edu.ng/,https://jeweluniversity.edu.ng/tuition-fees/
"Joseph Ayo Babalola University, Ikeji-Arakeji",South West,Osun,Conventional,Privately-Owned,4-year B.Sc.,3,3,4,3,"701,000 - 2,000,000 naira","71,000 - 100,000 naira",https://jabu.edu.ng/,https://nigerianscholars.com/joseph-ayo-babalola-university-school-fees/
"Joseph Sarwuan Tarka University, Makurdi",North Central,Benue,Agriculture,Federal-Owned,4-year B.Sc.,3,3,2,3,"100,000 - 300,000 naira","50,000 - 70,000 naira",https://www.uam.edu.ng/,https://students.jamb.gov.ng/efacility_/check_school_fees/select_sch.aspx?SCH=4
"Kaduna State University, Kaduna",North West,Kaduna,Conventional,State-Owned,4-year B.Sc.,3,3,2,3,"100,000 - 300,000 naira","50,000 - 70,000 naira",https://kasu.edu.ng/,https://www.myschoolgist.com/ng/kasu-school-fees-kaduna-state-university/
"Kano University of Science & Technology, Wudil",North West,Kano,Technology,State-Owned,4-year B.Sc.,3,3,2,3,"100,000 - 300,000 naira","50,000 - 70,000 naira",https://kust.edu.ng/,https://students.jamb.gov.ng/efacility_/check_school_fees/select_sch.aspx?SCH=33
"Karl-Kumm University, Vom, Plateau State",North Central,Plateau,Conventional,Privately-Owned,4-year B.Sc.,2,2,3,1,"701,000 - 2,000,000 naira","71,000 - 100,000 naira",https://karlkummuniversity.edu.ng/,https://karlkummuniversity.edu.ng/fees/
"Kebbi State University of Science and Technology, Aliero",North West,Kebbi,Technology,State-Owned,4-year B.Sc.,2,2,2,2,"100,000 - 300,000 naira","50,000 - 70,000 naira",https://ksusta.net/,https://www.myschoolgist.com/ng/ksusta-school-fees-kebbi-state-university/
"Khadija University, Majia, Jigawa State",North West,Jigawa,Conventional,Privately-Owned,4-year B.Sc.,2,2,3,1,"301,000 - 700,000 naira","50,000 - 70,000 naira",https://khadijauniversity.edu.ng/,https://khadijauniversity.edu.ng/fees/
"Khalifa Isiyaku Rabiu University, Kano",North West,Kano,Conventional,Privately-Owned,4-year B.Sc.,2,2,3,1,"701,000 - 2,000,000 naira","50,000 - 70,000 naira",https://kiru.edu.ng/,https://kiru.edu.ng/fees/
"Kings University, Ode Omu",South West,Osun,Conventional,Privately-Owned,4-year B.Sc.,3,3,4,3,"701,000 - 2,000,000 naira","71,000 - 100,000 naira",https://kingsuniversity.edu.ng/,https://nigerianscholars.com/kings-university-school-fees/
"Kingsley Ozumba Mbadiwe University Ogboko, Imo State",South East,Imo,Conventional,State-Owned,4-year B.Sc.,2,2,2,1,"100,000 - 300,000 naira","50,000 - 70,000 naira",https://komu.edu.ng/,https://komu.edu.ng/school-fees/
"Kogi State University, Kabba",North Central,Kogi,Conventional,State-Owned,4-year B.Sc.,2,2,2,1,"100,000 - 300,000 naira","50,000 - 70,000 naira",https://ksu.edu.ng/,https://www.myschoolgist.com/ng/ksu-school-fees-kogi-state-university/
"Kola Daisi University Ibadan, Oyo State",South West,Oyo,Conventional,Privately-Owned,4-year B.Sc.,2,2,3,2,"701,000 - 2,000,000 naira","71,000 - 100,000 naira",https://koladaisiuniversity.edu.ng/,https://koladaisiuniversity.edu.ng/tuition-fees-2023-2024-academic-session/
"Kwara State University, Ilorin",North Central,Kwara,Conventional,State-Owned,4-year B.Sc.,3,3,2,4,"100,000 - 300,000 naira","50,000 - 70,000 naira",https://www.kwasu.edu.ng/,https://www.myschoolgist.com/ng/kwasu-school-fees-kwara-state-university/
"Kwararafa University, Wukari",North East,Taraba,Conventional,Privately-Owned,4-year B.Sc.,2,2,3,2,"301,000 - 700,000 naira","50,000 - 70,000 naira",https://kwararafauniversity.edu.ng/,https://kwararafauniversity.edu.ng/fees/
"Ladoke Akintola University of Technology, Ogbomoso",South West,Oyo,Technology,State-Owned,4-year B.Sc.,3,3,2,4,"100,000 - 300,000 naira","50,000 - 70,000 naira",https://www.lautech.edu.ng/,https://www.myschoolgist.com/ng/lautech-school-fees-ladoke-akintola-university/
"Lagos State University of Education, Ijanikin",South West,Lagos,Conventional,State-Owned,4-year B.Sc.,2,2,2,1,"100,000 - 300,000 naira","71,000 - 100,000 naira",https://lasued.edu.ng/,https://lasued.edu.ng/school-fees/
Lagos State University of Science and Technology Ikorodu,South West,Lagos,Technology,State-Owned,4-year B.Sc.,2,2,2,3,"100,000 - 300,000 naira","71,000 - 100,000 naira",https://lasustech.edu.ng/,https://lasustech.edu.ng/school-fees/
"Lagos State University, Ojo",South West,Lagos,Conventional,State-Owned,4-year B.Sc.,3,3,2,4,"100,000 - 300,000 naira","71,000 - 100,000 naira",https://www.lasu.edu.ng/,https://www.myschoolgist.com/ng/lasu-school-fees-lagos-state-university/
"Landmark University, Omu-Aran.",North Central,Kwara,Conventional,Privately-Owned,4-year B.Sc.,3,3,4,3,"701,000 - 2,000,000 naira","71,000 - 100,000 naira",https://landmarkuniversity.edu.ng/,https://nigerianscholars.com/landmark-university-school-fees/
"Lead City University, Ibadan",South West,Oyo,Conventional,Privately-Owned,4-year B.Sc.,3,3,4,3,"701,000 - 2,000,000 naira","71,000 - 100,000 naira",https://lcu.edu.ng/,https://nigerianscholars.com/lead-city-university-school-fees/
"Legacy University, Okija Anambra State",South East,Anambra,Conventional,Privately-Owned,4-year B.Sc.,2,2,3,1,"701,000 - 2,000,000 naira","71,000 - 100,000 naira",https://legacyuniversity.edu.ng/,https://legacyuniversity.edu.ng/tuition/
"Lighthouse University, Evbobanosa, Edo State",South South,Edo,Conventional,Privately-Owned,4-year B.Sc.,2,2,3,1,"701,000 - 2,000,000 naira","71,000 - 100,000 naira",https://lighthouseuniversity.edu.ng/,https://lighthouseuniversity.edu.ng/fees/
"Lux Mundi University Umuahia, Abia State",South East,Abia,Conventional,Privately-Owned,4-year B.Sc.,2,2,3,1,"701,000 - 2,000,000 naira","71,000 - 100,000 naira",https://luxmundiuniversity.edu.ng/,https://luxmundiuniversity.edu.ng/fees/
"Madonna University, Okija",South East,Anambra,Conventional,Privately-Owned,4-year B.Sc.,3,3,4,2,"701,000 - 2,000,000 naira","71,000 - 100,000 naira",https://madonnauniversity.edu.ng/,https://nigerianscholars.com/madonna-university-school-fees/
"Maduka University, Ekwegbe, Enugu State",South East,Enugu,Conventional,Privately-Owned,4-year B.Sc.,2,2,3,1,"701,000 - 2,000,000 naira","71,000 - 100,000 naira",https://madukauniversity.edu.ng/,https://madukauniversity.edu.ng/school-fees/
"Maranatha University, Lagos",South West,Lagos,Conventional,Privately-Owned,4-year B.Sc.,2,2,3,1,"701,000 - 2,000,000 naira","71,000 - 100,000 naira",https://maranathauniversity.edu.ng/,https://maranathauniversity.edu.ng/fees/
"Margaret Lawrence University, Umunede, Delta State",South South,Delta,Conventional,Privately-Owned,4-year B.Sc.,2,2,3,1,"701,000 - 2,000,000 naira","71,000 - 100,000 naira",https://mlu.edu.ng/,https://mlu.edu.ng/fees/
"Maryam Abacha American University of Nigeria, Kano State",North West,Kano,Conventional,Privately-Owned,4-year B.Sc.,2,2,3,2,"701,000 - 2,000,000 naira","50,000 - 70,000 naira",https://maaun.edu.ng/,https://maaun.edu.ng/fees/
"Mcpherson University, Seriki Sotayo, Ajebo",South West,Ogun,Conventional,Privately-Owned,4-year B.Sc.,3,3,4,3,"701,000 - 2,000,000 naira","71,000 - 100,000 naira",https://mcu.edu.ng/,https://nigerianscholars.com/mcpherson-university-school-fees/
"Mercy Medical University, Iwo, Ogun State",South West,Osun,Medical and Health Sciences,Privately-Owned,4-year B.Sc.,2,2,3,1,"701,000 - 2,000,000 naira","71,000 - 100,000 naira",https://mmu.edu.ng/,https://mmu.edu.ng/tuition-fees/
"Mewar International University, Masaka, Nasarawa State",North Central,Nasarawa,Conventional,Privately-Owned,4-year B.Sc.,2,2,3,2,"701,000 - 2,000,000 naira","71,000 - 100,000 naira",https://miu.edu.ng/,https://miu.edu.ng/tuition-fees/
Michael Okpara University of Agricultural Umudike,South East,Abia,Agriculture,Federal-Owned,4-year B.Sc.,3,3,2,3,"100,000 - 300,000 naira","50,000 - 70,000 naira",https://mouau.edu.ng/,https://students.jamb.gov.ng/efacility_/check_school_fees/select_sch.aspx?SCH=10
Micheal & Cecilia Ibru University,South South,Delta,Conventional,Privately-Owned,4-year B.Sc.,2,2,3,3,"701,000 - 2,000,000 naira","71,000 - 100,000 naira",https://mciu.edu.ng/,https://mciu.edu.ng/school-fees/
"Miva Open University, Abuja FCT",North Central,FCT,Distance Learning,Privately-Owned,4-year B.Sc.,2,1,2,1,"301,000 - 700,000 naira","101,000 - 200,000 naira",https://miva.edu.ng/,https://miva.edu.ng/fees/
"Modibbo Adama University of Technology, Yola",North East,Adamawa,Technology,Federal-Owned,4-year B.Sc.,3,3,2,3,"100,000 - 300,000 naira","50,000 - 70,000 naira",https://mautech.edu.ng/,https://students.jamb.gov.ng/efacility_/check_school_fees/select_sch.aspx?SCH=11
Moshood Abiola University of Science and Technology Abeokuta,South West,Ogun,Technology,State-Owned,4-year B.Sc.,2,2,2,3,"100,000 - 300,000 naira","71,000 - 100,000 naira",https://mautech.edu.ng/,https://www.myschoolgist.com/ng/mautech-school-fees-moshood-abiola-university/
Mountain Top University,South West,Ogun,Conventional,Privately-Owned,4-year B.Sc.,3,3,4,3,"701,000 - 2,000,000 naira","71,000 - 100,000 naira",https://mttu.edu.ng/,https://nigerianscholars.com/mountain-top-university-school-fees/
"Mudiame University, Irrua, Edo State",South South,Edo,Conventional,Privately-Owned,4-year B.Sc.,2,2,3,1,"701,000 - 2,000,000 naira","71,000 - 100,000 naira",https://mudiameuniversity.edu.ng/,https://mudiameuniversity.edu.ng/tuition-fees/
Muhammad Kamalud University Kwara,North Central,Kwara,Conventional,Privately-Owned,4-year B.Sc.,2,2,3,1,"701,000 - 2,000,000 naira","71,000 - 100,000 naira",https://mku.edu.ng/,https://mku.edu.ng/tuition-fees/
Nasarawa State University Keffi,North Central,Nasarawa,Conventional,State-Owned,4-year B.Sc.,2,2,2,3,"100,000 - 300,000 naira","50,000 - 70,000 naira",https://nsuk.edu.ng/,https://www.myschoolgist.com/ng/nsuk-school-fees-nasarawa-state-university/
"National Open University of Nigeria, Abuja",North Central,FCT,Distance Learning,Federal-Owned,4-year B.Sc.,2,1,1,1,"Less than 100,000 naira","101,000 - 200,000 naira",https://nou.edu.ng/,https://nou.edu.ng/course-fees-undergraduate-programmes-2023-2024-academic-session/
"National University of Science and Technology, Abuja",North Central,FCT,Technology,Federal-Owned,4-year B.Sc.,2,2,2,1,"100,000 - 300,000 naira","101,000 - 200,000 naira",https://nust.edu.ng/,https://nust.edu.ng/fees/
"Newgate University, MInna, Niger State.",North Central,Niger,Conventional,Privately-Owned,4-year B.Sc.,2,2,3,1,"701,000 - 2,000,000 naira","50,000 - 70,000 naira",https://newgateuniversity.edu.ng/,https://newgateuniversity.edu.ng/tuition-fees/
Niger Delta University Yenagoa,South South,Bayelsa,Conventional,State-Owned,4-year B.Sc.,3,2,2,3,"100,000 - 300,000 naira","50,000 - 70,000 naira",https://ndu.edu.ng/,https://nigeriascholars.com/niger-delta-university-school-fees/
Nigeria Police Academy Wudil,North West,Kano,Conventional,Federal-Owned,4-year B.Sc.,2,2,3,2,"100,000 - 300,000 naira","50,000 - 70,000 naira",https://polac.edu.ng/,https://students.jamb.gov.ng/efacility_/check_school_fees/select_sch.aspx?SCH=106
Nigerian Army University Biu,North East,Borno,Conventional,Federal-Owned,4-year B.Sc.,2,2,3,2,"100,000 - 300,000 naira","50,000 - 70,000 naira",https://naub.edu.ng/,https://students.jamb.gov.ng/efacility_/check_school_fees/select_sch.aspx?SCH=134
"Nigerian British University, Asa, Abia State",South East,Abia,Conventional,Privately-Owned,4-year B.Sc.,2,2,3,1,"701,000 - 2,000,000 naira","71,000 - 100,000 naira",https://nbu.edu.ng/,https://nbu.edu.ng/school-fees/
Nigerian Defence Academy Kaduna,North West,Kaduna,Conventional,Federal-Owned,4-year B.Sc.,3,3,3,2,"100,000 - 300,000 naira","50,000 - 70,000 naira",https://nda.edu.ng/,https://students.jamb.gov.ng/efacility_/check_school_fees/select_sch.aspx?SCH=6
"Nigerian Maritime University Okerenkoko, Delta State",South South,Delta,Technology,Federal-Owned,4-year B.Sc.,2,2,2,2,"100,000 - 300,000 naira","50,000 - 70,000 naira",https://nmu.edu.ng/,https://students.jamb.gov.ng/efacility_/check_school_fees/select_sch.aspx?SCH=125
"Nigerian University of Technology and Management, Apapa, Lagos State",South West,Lagos,Technology,Privately-Owned,4-year B.Sc.,3,2,3,1,"Greater than 2,000,000 naira","101,000 - 200,000 naira",https://nutm.edu.ng/,https://nutm.edu.ng/tuition/
"Nile University of Nigeria, Abuja",North Central,FCT,Conventional,Privately-Owned,4-year B.Sc.,3,3,4,4,"701,000 - 2,000,000 naira","101,000 - 200,000 naira",https://nileuniversity.edu.ng/,https://nigerianscholars.com/nile-university-school-fees/
"Nnamdi Azikiwe University, Awka",South East,Anambra,Conventional,Federal-Owned,4-year B.Sc.,3,3,2,4,"100,000 - 300,000 naira","50,000 - 70,000 naira",https://www.unizik.edu.ng/,https://students.jamb.gov.ng/efacility_/check_school_fees/select_sch.aspx?SCH=13
"NOK University, Kachia, Kaduna State",North West,Kaduna,Conventional,Privately-Owned,4-year B.Sc.,2,2,3,1,"701,000 - 2,000,000 naira","50,000 - 70,000 naira",https://nokuniversity.edu.ng/,https://nokuniversity.edu.ng/tuition-fees/
"North Eastern University, Gombe",North East,Gombe,Conventional,Privately-Owned,4-year B.Sc.,2,2,3,1,"301,000 - 700,000 naira","50,000 - 70,000 naira",https://neu.edu.ng/,https://neu.edu.ng/school-fees/
NorthWest University Sokoto State,North West,Sokoto,Conventional,Privately-Owned,4-year B.Sc.,2,2,3,2,"701,000 - 2,000,000 naira","50,000 - 70,000 naira",https://northwestuniversity.edu.ng/,https://northwestuniversity.edu.ng/tuition/
"Novena University, Ogume",South South,Delta,Conventional,Privately-Owned,4-year B.Sc.,2,2,3,3,"701,000 - 2,000,000 naira","71,000 - 100,000 naira",https://novenauniversity.edu.ng/,https://nigerianscholars.com/novena-university-school-fees/
"Obafemi Awolowo University,Ile-Ife",South West,Osun,Conventional,Federal-Owned,4-year B.Sc.,4,4,2,5,"100,000 - 300,000 naira","71,000 - 100,000 naira",https://oauife.edu.ng/,https://students.jamb.gov.ng/efacility_/check_school_fees/select_sch.aspx?SCH=14
"Obong University, Obong Ntak",South South,Akwa Ibom,Conventional,Privately-Owned,4-year B.Sc.,2,2,3,2,"301,000 - 700,000 naira","50,000 - 70,000 naira",https://obonguniversity.edu.ng/,https://obonguniversity.edu.ng/school-fees/
"Oduduwa University, Ipetumodu - Osun State",South West,Osun,Conventional,Privately-Owned,4-year B.Sc.,2,2,3,3,"701,000 - 2,000,000 naira","71,000 - 100,000 naira",https://oduduwauniversity.edu.ng/,https://nigerianscholars.com/oduduwa-university-school-fees/
"Ojaja University Eiyenkorin, Kwara State",North Central,Kwara,Conventional,Privately-Owned,4-year B.Sc.,2,2,3,1,"701,000 - 2,000,000 naira","71,000 - 100,000 naira",https://ojajauniversity.edu.ng/,https://ojajauniversity.edu.ng/school-fees/
"Olabisi Onabanjo University, Ago Iwoye",South West,Ogun,Conventional,State-Owned,4-year B.Sc.,3,3,2,4,"100,000 - 300,000 naira","71,000 - 100,000 naira",https://oouagoiwoye.edu.ng/,https://www.myschoolgist.com/ng/oou-school-fees-olabisi-onabanjo-university/
Ondo State University of Medical Sciences,South West,Ondo,Medical and Health Sciences,State-Owned,4-year B.Sc.,3,2,2,2,"301,000 - 700,000 naira","50,000 - 70,000 naira",https://www.unimed.edu.ng/,https://www.unimed.edu.ng/school-fees/
Ondo State University of Science and Technology Okitipupa,South West,Ondo,Technology,State-Owned,4-year B.Sc.,2,2,2,3,"100,000 - 300,000 naira","50,000 - 70,000 naira",https://osustech.edu.ng/,https://osustech.edu.ng/school-fees/
Osun State University Osogbo,South West,Osun,Conventional,State-Owned,4-year B.Sc.,3,3,2,3,"100,000 - 300,000 naira","50,000 - 70,000 naira",https://www.uniosun.edu.ng/,https://www.myschoolgist.com/ng/uniosun-school-fees-osun-state-university/
"PAMO University of Medical Sciences, Portharcourt",South South,Rivers,Medical and Health Sciences,Privately-Owned,4-year B.Sc.,3,3,4,3,"Greater than 2,000,000 naira","71,000 - 100,000 naira",https://pums.edu.ng/,https://nigerianscholars.com/pamo-university-of-medical-sciences-school-fees/
"Pan-Atlantic University, Lagos",South West,Lagos,Conventional,Privately-Owned,4-year B.Sc.,4,3,4,4,"Greater than 2,000,000 naira","101,000 - 200,000 naira",https://pau.edu.ng/,https://nigerianscholars.com/pan-atlantic-university-school-fees/
"Paul University, Awka - Anambra State",South East,Anambra,Conventional,Privately-Owned,4-year B.Sc.,3,2,3,3,"701,000 - 2,000,000 naira","71,000 - 100,000 naira",https://pauluniversity.edu.ng/,https://pauluniversity.edu.ng/fees/
"PeaceLand University, Enugu State",South East,Enugu,Conventional,Privately-Owned,4-year B.Sc.,2,2,3,1,"701,000 - 2,000,000 naira","71,000 - 100,000 naira",https://peacelanduniversity.edu.ng/,https://peacelanduniversity.edu.ng/fees/
"Peter University, Achina-Onneh Anambra State",South East,Anambra,Conventional,Privately-Owned,4-year B.Sc.,2,2,3,1,"701,000 - 2,000,000 naira","71,000 - 100,000 naira",https://peteruniversity.edu.ng/,https://peteruniversity.edu.ng/fees/
"Philomath University, Kuje, Abuja",North Central,FCT,Conventional,Privately-Owned,4-year B.Sc.,2,2,3,1,"701,000 - 2,000,000 naira","101,000 - 200,000 naira",https://philomath.edu.ng/,https://philomath.edu.ng/school-fees/
"Phoenix University, Agwada, Nasarawa State",North Central,Nasarawa,Conventional,Privately-Owned,4-year B.Sc.,2,2,3,1,"301,000 - 700,000 naira","71,000 - 100,000 naira",https://phoenixuniversity.edu.ng/,https://phoenixuniversity.edu.ng/tuition/
Plateau State University Bokkos,North Central,Plateau,Conventional,State-Owned,4-year B.Sc.,2,2,2,3,"100,000 - 300,000 naira","50,000 - 70,000 naira",https://plasu.edu.ng/,https://plasu.edu.ng/school-fees/
"Precious Cornerstone University, Oyo",South West,Oyo,Conventional,Privately-Owned,4-year B.Sc.,3,3,4,1,"701,000 - 2,000,000 naira","71,000 - 100,000 naira",https://pcu.edu.ng/,https://nigerianscholars.com/precious-cornerstone-university-school-fees/
"Prime University, Kuje, FCT Abuja",North Central,FCT,Conventional,Privately-Owned,4-year B.Sc.,2,2,3,1,"701,000 - 2,000,000 naira","101,000 - 200,000 naira",https://primeuniversity.edu.ng/,https://primeuniversity.edu.ng/fees/
Prince Abubakar Audu University Anyigba,North Central,Kogi,Conventional,State-Owned,4-year B.Sc.,2,2,2,3,"100,000 - 300,000 naira","50,000 - 70,000 naira",https://paau.edu.ng/,https://www.myschoolgist.com/ng/ksu-school-fees-kogi-state-university/
"Rayhaan University, Kebbi",North West,Kebbi,Conventional,Privately-Owned,4-year B.Sc.,2,2,3,1,"301,000 - 700,000 naira","50,000 - 70,000 naira",https://rayhaanuniversity.edu.ng/,https://rayhaanuniversity.edu.ng/fees/
"Redeemer's University, Ede",South West,Osun,Conventional,Privately-Owned,4-year B.Sc.,3,3,4,3,"701,000 - 2,000,000 naira","71,000 - 100,000 naira",https://run.edu.ng/,https://nigerianscholars.com/redeemers-university-school-fees/
"Renaissance University, Enugu",South East,Enugu,Conventional,Privately-Owned,4-year B.Sc.,2,2,3,3,"301,000 - 700,000 naira","71,000 - 100,000 naira",https://rennaissanceuniversity.edu.ng/,https://rennaissanceuniversity.edu.ng/school-fees/
"Rhema University, Obeama-Asa - Rivers State",South South,Rivers,Conventional,Privately-Owned,4-year B.Sc.,2,2,3,2,"701,000 - 2,000,000 naira","71,000 - 100,000 naira",https://rhemauniversity.edu.ng/,https://rhemauniversity.edu.ng/fees/
"Ritman University, Ikot Ekpene, Akwa Ibom",South South,Akwa Ibom,Conventional,Privately-Owned,4-year B.Sc.,2,2,3,2,"701,000 - 2,000,000 naira","71,000 - 100,000 naira",https://ritmanuniversity.edu.ng/,https://ritmanuniversity.edu.ng/fees/
Rivers State University,South South,Rivers,Conventional,State-Owned,4-year B.Sc.,3,3,2,4,"100,000 - 300,000 naira","71,000 - 100,000 naira",https://rsu.edu.ng/,https://www.myschoolgist.com/ng/rsu-school-fees-rivers-state-university/
Saadatu Rimi University of Education,North West,Kano,Conventional,State-Owned,4-year B.Sc.,2,2,2,1,"100,000 - 300,000 naira","50,000 - 70,000 naira",https://srue.edu.ng/,https://srue.edu.ng/school-fees/
"Saisa University of Medical Sciences and Technology, Sokoto State",North West,Sokoto,Medical and Health Sciences,Privately-Owned,4-year B.Sc.,2,2,3,1,"701,000 - 2,000,000 naira","50,000 - 70,000 naira",https://saisauniversity.edu.ng/,https://saisauniversity.edu.ng/tuition-fees/
"Salem University, Lokoja",North Central,Kogi,Conventional,Privately-Owned,4-year B.Sc.,3,3,4,2,"701,000 - 2,000,000 naira","71,000 - 100,000 naira",https://salemuniversity.edu.ng/,https://nigerianscholars.com/salem-university-school-fees/
"Sam Maris University, Ondo",South West,Ondo,Conventional,Privately-Owned,4-year B.Sc.,2,2,3,1,"701,000 - 2,000,000 naira","71,000 - 100,000 naira",https://sammarisuniversity.edu.ng/,https://sammarisuniversity.edu.ng/fees/
"Shanahan University Onitsha, Anambra State",South East,Anambra,Conventional,Privately-Owned,4-year B.Sc.,2,2,3,1,"701,000 - 2,000,000 naira","71,000 - 100,000 naira",https://shanahanuniversity.edu.ng/,https://shanahanuniversity.edu.ng/fees/
"Shehu Shagari University of Education, Sokoto",North West,Sokoto,Conventional,State-Owned,4-year B.Sc.,2,2,2,1,"100,000 - 300,000 naira","50,000 - 70,000 naira",https://ssue.edu.ng/,https://ssue.edu.ng/school-fees/
"Skyline University, Kano",North West,Kano,Conventional,Privately-Owned,4-year B.Sc.,2,2,3,3,"701,000 - 2,000,000 naira","50,000 - 70,000 naira",https://www.skylineuniversity.edu.ng/,https://www.skylineuniversity.edu.ng/school-fees/
Sokoto State University,North West,Sokoto,Conventional,State-Owned,4-year B.Sc.,2,2,2,3,"100,000 - 300,000 naira","50,000 - 70,000 naira",https://ssu.edu.ng/,https://www.myschoolgist.com/ng/ssu-school-fees-sokoto-state-university/
"Southwestern University, Oku Owa",South West,Ogun,Conventional,Privately-Owned,4-year B.Sc.,2,2,3,3,"301,000 - 700,000 naira","71,000 - 100,000 naira",https://southwesternuniversity.edu.ng/,https://southwesternuniversity.edu.ng/fees-structure/
"Spiritan University, Nneochi Abia State",South East,Abia,Conventional,Privately-Owned,4-year B.Sc.,2,2,3,2,"701,000 - 2,000,000 naira","71,000 - 100,000 naira",https://spiritanuniversity.edu.ng/,https://spiritanuniversity.edu.ng/school-fees/
"Sports University, Idumuje, Ugboko, Delta State",South South,Delta,Conventional,Privately-Owned,4-year B.Sc.,2,3,3,3,"701,000 - 2,000,000 naira","71,000 - 100,000 naira",https://sportsuniversity.edu.ng/,https://sportsuniversity.edu.ng/tuition-fees/
"State University of Medical and Applied Sciences, Igbo-Eno, Enugu",South East,Enugu,Medical and Health Sciences,State-Owned,4-year B.Sc.,2,2,2,2,"301,000 - 700,000 naira","50,000 - 70,000 naira",https://sumas.edu.ng/,https://sumas.edu.ng/school-fees/
"Sule Lamido University, Kafin Hausa, Jigawa",North West,Jigawa,Conventional,State-Owned,4-year B.Sc.,2,2,2,2,"100,000 - 300,000 naira","50,000 - 70,000 naira",https://slu.edu.ng/,https://www.myschoolgist.com/ng/slu-school-fees-sule-lamido-university/
"Summit University, Offa",North Central,Kwara,Conventional,Privately-Owned,4-year B.Sc.,3,2,3,2,"701,000 - 2,000,000 naira","71,000 - 100,000 naira",https://summituniversity.edu.ng/,https://summituniversity.edu.ng/fees/
Tai Solarin University of Education Ijebu Ode,South West,Ogun,Conventional,State-Owned,4-year B.Sc.,3,3,2,3,"100,000 - 300,000 naira","71,000 - 100,000 naira",https://tasued.edu.ng/,https://www.myschoolgist.com/ng/tasued-school-fees-tai-solarin-university-of-education/
"Tansian University, Umunya",South East,Anambra,Conventional,Privately-Owned,4-year B.Sc.,2,2,3,2,"701,000 - 2,000,000 naira","71,000 - 100,000 naira",https://tansianuniversity.edu.ng/,https://nigerianscholars.com/tansian-university-school-fees/
"Taraba State University, Jalingo",North East,Taraba,Conventional,State-Owned,4-year B.Sc.,2,2,2,3,"100,000 - 300,000 naira","50,000 - 70,000 naira",https://tsuniversity.edu.ng/,https://tsuniversity.edu.ng/fees-structure/
"The Duke Medical University, Calabar, Cross River State",South South,Cross River,Medical and Health Sciences,Privately-Owned,4-year B.Sc.,2,2,3,1,"Greater than 2,000,000 naira","71,000 - 100,000 naira",https://www.thedmu.edu.ng/,https://www.thedmu.edu.ng/tuition/
"Thomas Adewumi University, Oko-Irese, Kwara State",North Central,Kwara,Conventional,Privately-Owned,4-year B.Sc.,2,2,3,2,"701,000 - 2,000,000 naira","71,000 - 100,000 naira",https://tau.edu.ng/,https://tau.edu.ng/school-fees/
"Topfaith University, Mkpatak, Akwa Ibom State",South South,Akwa Ibom,Conventional,Privately-Owned,4-year B.Sc.,2,2,3,2,"701,000 - 2,000,000 naira","71,000 - 100,000 naira",https://topfaith.edu.ng/,https://topfaith.edu.ng/fees/
Trinity University Ogun State,South West,Ogun,Conventional,Privately-Owned,4-year B.Sc.,2,2,3,2,"701,000 - 2,000,000 naira","71,000 - 100,000 naira",https://trinityuniversity.edu.ng/,https://nigerianscholars.com/trinity-university-school-fees/
Umar Musa Yar' Adua University Katsina,North West,Katsina,Conventional,State-Owned,4-year B.Sc.,2,2,2,3,"100,000 - 300,000 naira","50,000 - 70,000 naira",https://umyu.edu.ng/,https://www.myschoolgist.com/ng/umyu-school-fees-umaru-musa-yaradua-university/
"University of Abuja, Gwagwalada",North Central,FCT,Conventional,Federal-Owned,4-year B.Sc.,3,3,2,4,"100,000 - 300,000 naira","101,000 - 200,000 naira",https://www.uniabuja.edu.ng/,https://students.jamb.gov.ng/efacility_/check_school_fees/select_sch.aspx?SCH=15
"University of Africa Toru Orua, Bayelsa State",South South,Bayelsa,Conventional,State-Owned,4-year B.Sc.,2,2,2,2,"100,000 - 300,000 naira","50,000 - 70,000 naira",https://uoa.edu.ng/,https://uoa.edu.ng/school-fees/
"University of Agriculture and Environmental Sciences Umuagwo, Imo State",South East,Imo,Agriculture,State-Owned,4-year B.Sc.,2,2,2,1,"100,000 - 300,000 naira","50,000 - 70,000 naira",https://uaes.edu.ng/,https://uaes.edu.ng/school-fees/
University of Benin,South South,Edo,Conventional,Federal-Owned,4-year B.Sc.,4,3,2,4,"100,000 - 300,000 naira","71,000 - 100,000 naira",https://www.uniben.edu/,https://students.jamb.gov.ng/efacility_/check_school_fees/select_sch.aspx?SCH=16
University of Calabar,South South,Cross River,Conventional,Federal-Owned,4-year B.Sc.,3,3,2,4,"100,000 - 300,000 naira","50,000 - 70,000 naira",https://www.unical.edu.ng/,https://students.jamb.gov.ng/efacility_/check_school_fees/select_sch.aspx?SCH=17
"University of Delta, Agbor",South South,Delta,Conventional,State-Owned,4-year B.Sc.,2,2,2,2,"100,000 - 300,000 naira","50,000 - 70,000 naira",https://unidel.edu.ng/,https://unidel.edu.ng/school-fees/
University of Ibadan,South West,Oyo,Conventional,Federal-Owned,4-year B.Sc.,5,4,3,4,"100,000 - 300,000 naira","71,000 - 100,000 naira",https://ui.edu.ng/,https://students.jamb.gov.ng/efacility_/check_school_fees/select_sch.aspx?SCH=18
"University of Ilesa, Osun State",South West,Osun,Conventional,State-Owned,4-year B.Sc.,2,2,2,1,"100,000 - 300,000 naira","50,000 - 70,000 naira",https://unilesa.edu.ng/,https://unilesa.edu.ng/school-fees-schedule/
University of Ilorin,North Central,Kwara,Conventional,Federal-Owned,4-year B.Sc.,4,4,3,4,"100,000 - 300,000 naira","50,000 - 70,000 naira",https://www.unilorin.edu.ng/,https://students.jamb.gov.ng/efacility_/check_school_fees/select_sch.aspx?SCH=19
University of Jos,North Central,Plateau,Conventional,Federal-Owned,4-year B.Sc.,3,3,2,3,"100,000 - 300,000 naira","50,000 - 70,000 naira",https://unijos.edu.ng/,https://students.jamb.gov.ng/efacility_/check_school_fees/select_sch.aspx?SCH=20
University of Lagos,South West,Lagos,Conventional,Federal-Owned,4-year B.Sc.,4,4,3,5,"100,000 - 300,000 naira","71,000 - 100,000 naira",https://unilag.edu.ng/,https://students.jamb.gov.ng/efacility_/check_school_fees/select_sch.aspx?SCH=21
University of Maiduguri,North East,Borno,Conventional,Federal-Owned,4-year B.Sc.,3,2,2,2,"100,000 - 300,000 naira","50,000 - 70,000 naira",https://unimaid.edu.ng/,https://students.jamb.gov.ng/efacility_/check_school_fees/select_sch.aspx?SCH=22
"University of Mkar, Mkar",North Central,Benue,Conventional,Privately-Owned,4-year B.Sc.,2,2,3,2,"301,000 - 700,000 naira","50,000 - 70,000 naira",https://unimkar.edu.ng/,https://unimkar.edu.ng/school-fees/
"University of Nigeria, Nsukka",South East,Enugu,Conventional,Federal-Owned,4-year B.Sc.,4,3,2,4,"100,000 - 300,000 naira","50,000 - 70,000 naira",https://www.unn.edu.ng/,https://students.jamb.gov.ng/efacility_/check_school_fees/select_sch.aspx?SCH=23
"University of Offa, Kwara State",North Central,Kwara,Conventional,Privately-Owned,4-year B.Sc.,2,2,3,2,"701,000 - 2,000,000 naira","71,000 - 100,000 naira",https://unioffa.edu.ng/,https://unioffa.edu.ng/school-fees/
University of Port-Harcourt,South South,Rivers,Conventional,Federal-Owned,4-year B.Sc.,3,3,2,4,"100,000 - 300,000 naira","71,000 - 100,000 naira",https://www.uniport.edu.ng/,https://students.jamb.gov.ng/efacility_/check_school_fees/select_sch.aspx?SCH=24
University of Uyo,South South,Akwa Ibom,Conventional,Federal-Owned,4-year B.Sc.,3,3,2,3,"100,000 - 300,000 naira","50,000 - 70,000 naira",https://uniuyo.edu.ng/,https://students.jamb.gov.ng/efacility_/check_school_fees/select_sch.aspx?SCH=25
"University on the Niger, Umunya, Anambra state",South East,Anambra,Conventional,Privately-Owned,4-year B.Sc.,2,2,3,2,"701,000 - 2,000,000 naira","71,000 - 100,000 naira",https://uni.edu.ng/,https://uni.edu.ng/school-fees/
Usumanu Danfodiyo University,North West,Sokoto,Conventional,Federal-Owned,4-year B.Sc.,3,2,2,3,"100,000 - 300,000 naira","50,000 - 70,000 naira",https://udusok.edu.ng/,https://students.jamb.gov.ng/efacility_/check_school_fees/select_sch.aspx?SCH=27
"Venite University, Iloro-Ekiti, Ekiti State",South West,Ekiti,Conventional,Privately-Owned,4-year B.Sc.,2,2,3,1,"701,000 - 2,000,000 naira","71,000 - 100,000 naira",https://veniteuniversity.edu.ng/,https://veniteuniversity.edu.ng/fees/
"Veritas University, Abuja",North Central,FCT,Conventional,Privately-Owned,4-year B.Sc.,3,3,4,3,"701,000 - 2,000,000 naira","101,000 - 200,000 naira",https://veritas.edu.ng/,https://nigerianscholars.com/veritas-university-school-fees/
"Vision University, Ikogbo, Ogun State",South West,Ogun,Conventional,Privately-Owned,4-year B.Sc.,2,2,3,1,"701,000 - 2,000,000 naira","71,000 - 100,000 naira",https://visionuniversity.edu.ng/,https://visionuniversity.edu.ng/fees/
"Wellspring University, Evbuobanosa - Edo State",South South,Edo,Conventional,Privately-Owned,4-year B.Sc.,2,2,3,2,"701,000 - 2,000,000 naira","71,000 - 100,000 naira",https://wellspringuniversity.edu.ng/,https://nigerianscholars.com/wellspring-university-school-fees/
Wesley University Ondo,South West,Ondo,Conventional,Privately-Owned,4-year B.Sc.,2,2,3,2,"701,000 - 2,000,000 naira","71,000 - 100,000 naira",https://wesleyuni.edu.ng/,https://wesleyuni.edu.ng/fees-structure/
"West Midlands Open University, Ibadan, Oyo State",South West,Oyo,Distance Learning,Privately-Owned,4-year B.Sc.,2,1,2,1,"301,000 - 700,000 naira","71,000 - 100,000 naira",https://wmu.edu.ng/,https://wmu.edu.ng/fees/
"Western Delta University, Oghara Delta State",South South,Delta,Conventional,Privately-Owned,4-year B.Sc.,2,2,3,3,"701,000 - 2,000,000 naira","71,000 - 100,000 naira",https://wdu.edu.ng/,https://wdu.edu.ng/school-fees/
"Westland University Iwo, Osun State",South West,Osun,Conventional,Privately-Owned,4-year B.Sc.,2,2,3,1,"701,000 - 2,000,000 naira","71,000 - 100,000 naira",https://westlanduniversity.edu.ng/,https://westlanduniversity.edu.ng/school-fees/
"Wigwe University, Isiokpo Rivers State",South South,Rivers,Conventional,Privately-Owned,4-year B.Sc.,2,3,4,1,"Greater than 2,000,000 naira","71,000 - 100,000 naira",https://wigweuniversity.edu.ng/,https://wigweuniversity.edu.ng/fees/
"Yobe State University, Damaturu",North East,Yobe,Conventional,State-Owned,4-year B.Sc.,2,2,2,2,"100,000 - 300,000 naira","50,000 - 70,000 naira",https://ysu.edu.ng/,https://www.myschoolgist.com/ng/ysu-school-fees-yobe-state-university/
Yusuf Maitama Sule University Kano,North West,Kano,Conventional,State-Owned,4-year B.Sc.,2,2,2,3,"100,000 - 300,000 naira","50,000 - 70,000 naira",https://yumsuk.edu.ng/,https://yumsuk.edu.ng/school-fees/
Zamfara State University,North West,Zamfara,Conventional,State-Owned,4-year B.Sc.,2,2,2,1,"100,000 - 300,000 naira","50,000 - 70,000 naira",https://zamsu.edu.ng/,https://zamsu.edu.ng/school-fees/